Account Exe ID,Account Executive,branch_name,global_attendees,meeting_date
2,Abhinav Shivam,Ahmedabad,Mahendra,10/17/2019
2,Abhinav Shivam,Ahmedabad,,10/17/2019
2,Abhinav Shivam,Ahmedabad,Akash,12/24/2019
2,Abhinav Shivam,Ahmedabad,Shivam,1/3/2020
2,Abhinav Shivam,Ahmedabad,Surya,1/8/2020
2,Abhinav Shivam,Ahmedabad,Muralidharan VS,1/8/2020
2,Abhinav Shivam,Ahmedabad,Srikanth Boddu,1/9/2020
1,Vinay,Ahmedabad,Ganesh H,1/2/2020
1,Vinay,Ahmedabad,Usha G,1/3/2020
1,Vinay,Ahmedabad,Usha G,1/6/2020
1,Vinay,Ahmedabad,Usha G,1/7/2020
1,Vinay,Ahmedabad,Usha G,1/8/2020
3,Animesh Rawat,Ahmedabad,Srikanth Boddu,1/13/2020
3,Animesh Rawat,Ahmedabad,Harsha,1/13/2020
3,Animesh Rawat,Ahmedabad,Usha G,1/9/2020
3,Animesh Rawat,Ahmedabad,,1/10/2020
6,Ketan Jain,Ahmedabad,jamuna,1/3/2020
6,Ketan Jain,Ahmedabad,,1/8/2020
6,Ketan Jain,Ahmedabad,"Jeyaraman N, Srikanth Boddu",1/13/2020
6,Ketan Jain,Ahmedabad,,1/9/2020
4,Gilbert,Ahmedabad,Ankush,1/6/2020
4,Gilbert,Ahmedabad,,1/20/2020
4,Gilbert,Ahmedabad,Sanskriti,1/20/2020
12,Shivani Sharma,Ahmedabad,Aditya,1/21/2020
12,Shivani Sharma,Ahmedabad,"Jeyaraman N, Chitra S",1/21/2020
12,Shivani Sharma,Ahmedabad,Srikanth Boddu,1/21/2020
12,Shivani Sharma,Ahmedabad,Srikanth Boddu,1/22/2020
9,Manish Sharma,Ahmedabad,Jeyaraman N,1/13/2020
9,Manish Sharma,Ahmedabad,Jeyaraman N,1/9/2020
9,Manish Sharma,Ahmedabad,Jeyaraman N,1/21/2020
11,Raju Kumar,Ahmedabad,Jeyaraman N,1/22/2020
11,Raju Kumar,Ahmedabad,,1/20/2020
10,Mark,Ahmedabad,Jeyaraman N,1/22/2020
10,Mark,Ahmedabad,"Jeyaraman N, Chitra S",1/13/2020
